{
  "num_sequences": 587,
  "num_glucose_readings": 7559,
  "train_split": 410,
  "val_split": 88,
  "test_split": 89,
  "glucose_stats": {
    "min": 68.0,
    "max": 194.0,
    "mean": 115.96150284429157,
    "std": 17.219261011209248
  },
  "carb_stats": {
    "min": 1.0,
    "max": 185.0,
    "mean": 63.385860306643956,
    "std": 34.94898576298367
  },
  "medication_distribution": {
    "metformin_500_er": 241,
    "metformin_500": 101,
    "pioglitazone_45": 200,
    "baseline": 42,
    "unknown": 3
  }
}